{"cameraMode":{"drawMode":0,"name":"Shaded","section":"Shading Mode"},"sceneLighting":false,"audioPlay":false,"sceneViewState":{"showFog":true,"showMaterialUpdate":false,"showSkybox":false,"showFlares":true,"showImageEffects":true,"showParticleSystems":true},"in2DMode":false,"pivot":{"x":-0.018456220626831056,"y":2.092120885848999,"z":-0.003755807876586914},"rotation":{"x":-0.3943383991718292,"y":0.36944708228111269,"z":-0.177079439163208,"w":-0.8226154446601868},"size":2.4220783710479738,"orthographic":false}