{"cameraMode":{"drawMode":0,"name":"Shaded","section":"Shading Mode"},"sceneLighting":false,"audioPlay":false,"sceneViewState":{"showFog":true,"showMaterialUpdate":false,"showSkybox":false,"showFlares":true,"showImageEffects":true,"showParticleSystems":true},"in2DMode":false,"pivot":{"x":0.007255524396896362,"y":0.17022089660167695,"z":0.0030555129051208498},"rotation":{"x":-0.3943383991718292,"y":0.36944708228111269,"z":-0.177079439163208,"w":-0.8226154446601868},"size":0.2324802577495575,"orthographic":false}